rating,title,price
Three,A Light in the Attic,Â£51.77
One,Tipping the Velvet,Â£53.74
One,Soumission,Â£50.10
Four,Sharp Objects,Â£47.82
Five,Sapiens: A Brief History of Humankind,Â£54.23
One,The Requiem Red,Â£22.65
Four,The Dirty Little Secrets of Getting Your Dream Job,Â£33.34
Three,"The Coming Woman: A Novel Based on the Life of the Infamous Feminist, Victoria Woodhull",Â£17.93
Four,The Boys in the Boat: Nine Americans and Their Epic Quest for Gold at the 1936 Berlin Olympics,Â£22.60
One,The Black Maria,Â£52.15
Two,"Starving Hearts (Triangular Trade Trilogy, #1)",Â£13.99
Four,Shakespeare's Sonnets,Â£20.66
Five,Set Me Free,Â£17.46
Five,Scott Pilgrim's Precious Little Life (Scott Pilgrim #1),Â£52.29
Five,Rip it Up and Start Again,Â£35.02
Three,"Our Band Could Be Your Life: Scenes from the American Indie Underground, 1981-1991",Â£57.25
One,Olio,Â£23.88
One,Mesaerion: The Best Science Fiction Stories 1800-1849,Â£37.59
Two,Libertarianism for Beginners,Â£51.33
Two,It's Only the Himalayas,Â£45.17
One,In Her Wake,Â£12.84
Two,How Music Works,Â£37.32
Three,"Foolproof Preserving: A Guide to Small Batch Jams, Jellies, Pickles, Condiments, and More: A Foolproof Guide to Making Small Batch Jams, Jellies, Pickles, Condiments, and More",Â£30.52
Five,Chase Me (Paris Nights #2),Â£25.27
Five,Black Dust,Â£34.53
Three,Birdsong: A Story in Pictures,Â£54.64
Three,America's Cradle of Quarterbacks: Western Pennsylvania's Football Factory from Johnny Unitas to Joe Montana,Â£22.50
Three,Aladdin and His Wonderful Lamp,Â£53.13
Five,Worlds Elsewhere: Journeys Around Shakespeareâs Globe,Â£40.30
Four,Wall and Piece,Â£44.18
Five,The Four Agreements: A Practical Guide to Personal Freedom,Â£17.66
Three,The Five Love Languages: How to Express Heartfelt Commitment to Your Mate,Â£31.05
Five,The Elephant Tree,Â£23.82
One,The Bear and the Piano,Â£36.89
Five,Sophie's World,Â£15.94
Three,Penny Maybe,Â£33.29
Two,Maude (1883-1993):She Grew Up with the country,Â£18.02
One,"In a Dark, Dark Wood",Â£19.63
Four,Behind Closed Doors,Â£52.22
Two,You can't bury them all: Poems,Â£33.63
Three,Slow States of Collapse: Poems,Â£57.31
Two,Reasons to Stay Alive,Â£26.41
Five,Private Paris (Private #10),Â£47.61
Five,#HigherSelfie: Wake Up Your Life. Free Your Soul. Find Your Tribe.,Â£23.11
Two,Without Borders (Wanderlove #1),Â£45.07
One,When We Collided,Â£31.77
Five,"We Love You, Charlie Freeman",Â£50.27
Four,Untitled Collection: Sabbath Poems 2014,Â£14.27
Four,"Unseen City: The Majesty of Pigeons, the Discreet Charm of Snails & Other Wonders of the Urban Wilderness",Â£44.18
Three,Unicorn Tracks,Â£18.78
One,"Unbound: How Eight Technologies Made Us Human, Transformed Society, and Brought Our World to the Brink",Â£25.52
One,Tsubasa: WoRLD CHRoNiCLE 2 (Tsubasa WoRLD CHRoNiCLE #2),Â£16.28
Three,Throwing Rocks at the Google Bus: How Growth Became the Enemy of Prosperity,Â£31.12
Four,This One Summer,Â£19.49
Five,Thirst,Â£17.27
One,The Torch Is Passed: A Harding Family Story,Â£19.09
One,The Secret of Dreadwillow Carse,Â£56.13
One,"The Pioneer Woman Cooks: Dinnertime: Comfort Classics, Freezer Food, 16-Minute Meals, and Other Delicious Ways to Solve Supper!",Â£56.41
Four,The Past Never Ends,Â£56.50
Three,The Natural History of Us (The Fine Art of Pretending #2),Â£45.22
Four,The Nameless City (The Nameless City #1),Â£38.16
Three,The Murder That Never Was (Forensic Instincts #5),Â£54.11
Four,The Most Perfect Thing: Inside (and Outside) a Bird's Egg,Â£42.96
Four,"The Mindfulness and Acceptance Workbook for Anxiety: A Guide to Breaking Free from Anxiety, Phobias, and Worry Using Acceptance and Commitment Therapy",Â£23.89
Three,The Life-Changing Magic of Tidying Up: The Japanese Art of Decluttering and Organizing,Â£16.77
Five,"The Inefficiency Assassin: Time Management Tactics for Working Smarter, Not Longer",Â£20.59
One,The Gutsy Girl: Escapades for Your Life of Epic Adventure,Â£37.13
One,The Electric Pencil: Drawings from Inside State Hospital No. 3,Â£56.06
Four,The Death of Humanity: and the Case for Life,Â£58.11
Three,"The Bulletproof Diet: Lose up to a Pound a Day, Reclaim Energy and Focus, Upgrade Your Life",Â£49.05
Three,The Art Forger,Â£40.76
One,The Age of Genius: The Seventeenth Century and the Birth of the Modern Mind,Â£19.73
Five,The Activist's Tao Te Ching: Ancient Advice for a Modern Revolution,Â£32.24
Four,Spark Joy: An Illustrated Master Class on the Art of Organizing and Tidying Up,Â£41.83
Two,Soul Reader,Â£39.58
Two,Security,Â£39.25
Three,"Saga, Volume 6 (Saga (Collected Editions) #6)",Â£25.02
Two,"Saga, Volume 5 (Saga (Collected Editions) #5)",Â£51.04
Two,Reskilling America: Learning to Labor in the Twenty-First Century,Â£19.83
Three,"Rat Queens, Vol. 3: Demons (Rat Queens (Collected Editions) #11-15)",Â£50.40
Five,"Princess Jellyfish 2-in-1 Omnibus, Vol. 01 (Princess Jellyfish 2-in-1 Omnibus #1)",Â£13.61
Five,Princess Between Worlds (Wide-Awake Princess #5),Â£13.34
One,"Pop Gun War, Volume 1: Gift",Â£18.97
Two,"Political Suicide: Missteps, Peccadilloes, Bad Calls, Backroom Hijinx, Sordid Pasts, Rotten Breaks, and Just Plain Dumb Mistakes in the Annals of American Politics",Â£36.28
Three,Patience,Â£10.16
Four,"Outcast, Vol. 1: A Darkness Surrounds Him (Outcast #1)",Â£15.44
One,orange: The Complete Collection 1 (orange: The Complete Collection #1),Â£48.41
One,Online Marketing for Busy Authors: A Step-By-Step Guide,Â£46.35
Three,On a Midnight Clear,Â£14.07
Two,Obsidian (Lux #1),Â£14.86
Two,My Paris Kitchen: Recipes and Stories,Â£33.37
Two,Masks and Shadows,Â£56.40
Four,"Mama Tried: Traditional Italian Cooking for the Screwed, Crude, Vegan, and Tattooed",Â£14.02
Two,"Lumberjanes, Vol. 2: Friendship to the Max (Lumberjanes #5-8)",Â£46.91
Three,"Lumberjanes, Vol. 1: Beware the Kitten Holy (Lumberjanes #1-4)",Â£45.61
Two,Lumberjanes Vol. 3: A Terrible Plan (Lumberjanes #9-12),Â£19.92
One,"Layered: Baking, Building, and Styling Spectacular Cakes",Â£40.11
Two,Judo: Seven Steps to Black Belt (an Introductory Guide for Beginners),Â£53.90
Five,Join,Â£35.67
Four,In the Country We Love: My Family Divided,Â£22.00
Five,Immunity: How Elie Metchnikoff Changed the Course of Modern Medicine,Â£57.36
Two,"I Hate Fairyland, Vol. 1: Madly Ever After (I Hate Fairyland (Compilations) #1-5)",Â£29.17
Three,I am a Hero Omnibus Volume 1,Â£54.63
One,How to Be Miserable: 40 Strategies You Already Use,Â£46.03
One,Her Backup Boyfriend (The Sorensen Family #1),Â£33.97
Two,"Giant Days, Vol. 2 (Giant Days #5-8)",Â£22.11
Three,Forever and Forever: The Courtship of Henry Longfellow and Fanny Appleton,Â£29.69
Four,First and First (Five Boroughs #3),Â£15.97
One,Fifty Shades Darker (Fifty Shades #2),Â£21.96
Two,Everydata: The Misinformation Hidden in the Little Data You Consume Every Day,Â£54.35
Two,"Don't Be a Jerk: And Other Practical Advice from Dogen, Japan's Greatest Zen Master",Â£37.97
Four,Danganronpa Volume 1,Â£51.99
Three,Crown of Midnight (Throne of Glass #2),Â£43.29
Four,"Codename Baboushka, Volume 1: The Conclave of Death",Â£36.72
Four,Camp Midnight,Â£17.08
Five,Call the Nurse: True Stories of a Country Nurse on a Scottish Isle,Â£29.14
Three,Burning,Â£28.81
Two,Bossypants,Â£49.46
Two,"Bitch Planet, Vol. 1: Extraordinary Machine (Bitch Planet (Collected Editions))",Â£37.92
Two,"Avatar: The Last Airbender: Smoke and Shadow, Part 3 (Smoke and Shadow #3)",Â£28.09
One,Algorithms to Live By: The Computer Science of Human Decisions,Â£30.81
One,A World of Flavor: Your Gluten Free Passport,Â£42.95
Five,"A Piece of Sky, a Grain of Rice: A Memoir in Four Meditations",Â£56.76
One,A Murder in Time,Â£16.64
Five,A Flight of Arrows (The Pathfinders #2),Â£55.53
Four,A Fierce and Subtle Poison,Â£28.13
One,A Court of Thorns and Roses (A Court of Thorns and Roses #1),Â£52.37
Five,(Un)Qualified: How God Uses Broken People to Do Big Things,Â£54.00
Four,You Are What You Love: The Spiritual Power of Habit,Â£21.87
Four,"William Shakespeare's Star Wars: Verily, A New Hope (William Shakespeare's Star Wars #4)",Â£43.30
Two,Tuesday Nights in 1980,Â£21.04
Three,Tracing Numbers on a Train,Â£41.60
Three,Throne of Glass (Throne of Glass #1),Â£35.07
One,Thomas Jefferson and the Tripoli Pirates: The Forgotten War That Changed American History,Â£59.64
One,Thirteen Reasons Why,Â£52.72
Four,The White Cat and the Monk: A Retelling of the Poem âPangur BÃ¡nâ,Â£58.08
One,The Wedding Dress,Â£24.12
Four,The Vacationers,Â£42.15
Five,The Third Wave: An Entrepreneurâs Vision of the Future,Â£12.61
Four,The Stranger,Â£17.44
One,The Shadow Hero (The Shadow Hero),Â£33.14
Four,The Secret (The Secret #1),Â£27.37
Five,The Regional Office Is Under Attack!,Â£51.36
Two,The Psychopath Test: A Journey Through the Madness Industry,Â£36.00
One,The Project,Â£10.65
Two,The Power of Now: A Guide to Spiritual Enlightenment,Â£43.54
Two,The Omnivore's Dilemma: A Natural History of Four Meals,Â£38.21
Five,The Nerdy Nummies Cookbook: Sweet Treats for the Geek in All of Us,Â£37.34
Four,The Murder of Roger Ackroyd (Hercule Poirot #4),Â£44.10
Three,The Mistake (Off-Campus #2),Â£43.29
One,The Matchmaker's Playbook (Wingmen Inc. #1),Â£55.85
Two,The Love and Lemons Cookbook: An Apple-to-Zucchini Celebration of Impromptu Cooking,Â£37.60
One,The Long Shadow of Small Ghosts: Murder and Memory in an American City,Â£10.97
Four,The Kite Runner,Â£41.82
One,The House by the Lake,Â£36.95
One,The Glittering Court (The Glittering Court #1),Â£44.28
Two,The Girl on the Train,Â£55.02
One,The Genius of Birds,Â£17.24
Two,The Emerald Mystery,Â£23.15
One,The Cookies & Cups Cookbook: 125+ sweet & savory recipes reminding you to Always Eat Dessert First,Â£41.25
Three,The Bridge to Consciousness: I'm Writing the Bridge Between Science and Our Old and New Beliefs.,Â£32.00
Five,The Artist's Way: A Spiritual Path to Higher Creativity,Â£38.49
Five,The Art of War,Â£33.34
Two,The Argonauts,Â£10.93
Three,The 10% Entrepreneur: Live Your Startup Dream Without Quitting Your Day Job,Â£27.55
Two,Suddenly in Love (Lake Haven #1),Â£55.99
Four,Something More Than This,Â£16.24
Two,Soft Apocalypse,Â£26.12
Two,So You've Been Publicly Shamed,Â£12.23
Two,Shoe Dog: A Memoir by the Creator of NIKE,Â£23.99
Three,"Shobu Samurai, Project Aryoku (#3)",Â£29.06
One,Secrets and Lace (Fatal Hearts #1),Â£20.27
Five,Scarlett Epstein Hates It Here,Â£43.55
One,Romero and Juliet: A Tragic Tale of Love and Zombies,Â£36.94
Five,Redeeming Love,Â£20.47
One,Poses for Artists Volume 1 - Dynamic and Sitting Poses: An Essential Reference for Figure Drawing and the Human Form,Â£41.06
Four,Poems That Make Grown Women Cry,Â£14.19
One,"Nightingale, Sing",Â£38.28
One,Night Sky with Exit Wounds,Â£41.05
Five,Mrs. Houdini,Â£30.25
Five,Modern Romance,Â£28.26
One,Miss Peregrineâs Home for Peculiar Children (Miss Peregrineâs Peculiar Children #1),Â£10.76
Two,Louisa: The Extraordinary Life of Mrs. Adams,Â£16.85
Three,Little Red,Â£13.47
Five,Library of Souls (Miss Peregrineâs Peculiar Children #3),Â£48.56
Two,Large Print Heart of the Pride,Â£19.15
Four,I Had a Nice Time And Other Lies...: How to find love & sh*t like that,Â£57.36
One,Hollow City (Miss Peregrineâs Peculiar Children #2),Â£42.98
Two,Grumbles,Â£22.16
Four,Full Moon over Noahâs Ark: An Odyssey to Mount Ararat and Beyond,Â£49.43
Five,Frostbite (Vampire Academy #2),Â£29.99
One,Follow You Home,Â£21.36
One,First Steps for New Christians (Print Edition),Â£29.00
Five,Finders Keepers (Bill Hodges Trilogy #2),Â£53.53
Four,"Fables, Vol. 1: Legends in Exile (Fables #1)",Â£41.62
Four,Eureka Trivia 6.0,Â£54.59
Four,Drive: The Surprising Truth About What Motivates Us,Â£34.95
Five,Done Rubbed Out (Reightman & Bailey #1),Â£37.72
Three,Doing It Over (Most Likely To #1),Â£35.61
Three,"Deliciously Ella Every Day: Quick and Easy Recipes for Gluten-Free Snacks, Packed Lunches, and Simple Meals",Â£42.16
Five,Dark Notes,Â£19.19
Three,"Daring Greatly: How the Courage to Be Vulnerable Transforms the Way We Live, Love, Parent, and Lead",Â£19.43
Four,Close to You,Â£49.46
Two,Chasing Heaven: What Dying Taught Me About Living,Â£37.80
Three,Big Magic: Creative Living Beyond Fear,Â£30.80
Two,Becoming Wise: An Inquiry into the Mystery and Art of Living,Â£27.43
Two,Beauty Restored (Riley Family Legacy Novellas #3),Â£11.11
Two,Batman: The Long Halloween (Batman),Â£36.50
Five,Batman: The Dark Knight Returns (Batman),Â£15.38
Two,Ayumi's Violin,Â£15.48
Four,Anonymous,Â£46.82
Three,Amy Meets the Saints and Sages,Â£18.46
One,Amid the Chaos,Â£36.58
Five,Amatus,Â£50.54
Five,Agnostic: A Spirited Manifesto,Â£12.51
Three,Zealot: The Life and Times of Jesus of Nazareth,Â£24.70
Five,You (You #1),Â£43.61
Four,"Wonder Woman: Earth One, Volume One (Wonder Woman: Earth One #1)",Â£37.34
Two,Wild Swans,Â£14.36
Four,Why the Right Went Wrong: Conservatism--From Goldwater to the Tea Party and Beyond,Â£52.65
Four,Whole Lotta Creativity Going On: 60 Fun and Unusual Exercises to Awaken and Strengthen Your Creativity,Â£38.20
Two,What's It Like in Space?: Stories from Astronauts Who've Been There,Â£19.60
One,"We Are Robin, Vol. 1: The Vigilante Business (We Are Robin #1)",Â£53.90
Five,Walt Disney's Alice in Wonderland,Â£12.96
Four,V for Vendetta (V for Vendetta Complete),Â£37.10
Two,Until Friday Night (The Field Party #1),Â£46.31
Two,"Unbroken: A World War II Story of Survival, Resilience, and Redemption",Â£45.95
Two,Twenty Yawns,Â£22.08
Two,Through the Woods,Â£25.38
Two,This Is Where It Ends,Â£27.12
Two,The Year of Magical Thinking,Â£43.04
Four,The Wright Brothers,Â£56.80
Five,The White Queen (The Cousins' War #1),Â£25.91
Three,The Wedding Pact (The O'Malleys #2),Â£32.61
Five,The Time Keeper,Â£27.88
Four,The Testament of Mary,Â£52.67
Five,The Star-Touched Queen,Â£46.02
Five,The Songs of the Gods,Â£44.48
Five,The Song of Achilles,Â£37.40
One,The Rosie Project (Don Tillman #1),Â£54.04
Three,The Power of Habit: Why We Do What We Do in Life and Business,Â£16.88
Four,The Marriage of Opposites,Â£28.08
One,The Lucifer Effect: Understanding How Good People Turn Evil,Â£10.40
One,The Long Haul (Diary of a Wimpy Kid #9),Â£44.07
One,The Loney,Â£23.40
Three,The Literature Book (Big Ideas Simply Explained),Â£17.43
Two,The Last Mile (Amos Decker #2),Â£54.21
Two,The Immortal Life of Henrietta Lacks,Â£40.67
Two,The Hidden Oracle (The Trials of Apollo #1),Â£52.26
Three,The Help Yourself Cookbook for Kids: 60 Easy Plant-Based Recipes Kids Can Make to Stay Healthy and Save the Earth,Â£28.77
Two,The Guilty (Will Robie #4),Â£13.82
Three,The First Hostage (J.B. Collins #2),Â£25.85
One,The Dovekeepers,Â£48.78
Five,The Darkest Lie,Â£35.35
Four,The Bane Chronicles (The Bane Chronicles #1-11),Â£44.73
One,The Bad-Ass Librarians of Timbuktu: And Their Race to Save the Worldâs Most Precious Manuscripts,Â£15.77
One,The 14th Colony (Cotton Malone #11),Â£39.24
One,That Darkness (Gardiner and Renner #1),Â£13.92
One,Tastes Like Fear (DI Marnie Rome #3),Â£10.69
Three,Take Me with You,Â£45.21
One,Swell: A Year of Waves,Â£45.58
Five,Superman Vol. 1: Before Truth (Superman by Gene Luen Yang #1),Â£11.89
Three,Still Life with Bread Crumbs,Â£26.41
Five,Steve Jobs,Â£39.50
Four,Sorting the Beef from the Bull: The Science of Food Fraud Forensics,Â£44.74
Five,Someone Like You (The Harrisons #2),Â£52.79
Four,"So Cute It Hurts!!, Vol. 6 (So Cute It Hurts!! #6)",Â£35.43
Four,Shtum,Â£55.84
Three,See America: A Celebration of Our National Parks & Treasured Sites,Â£48.87
Four,salt.,Â£46.78
Three,Robin War,Â£47.82
Two,"Red Hood/Arsenal, Vol. 1: Open for Business (Red Hood/Arsenal #1)",Â£25.48
Three,Rain Fish,Â£23.57
Five,"Quarter Life Poetry: Poems for the Young, Broke and Hangry",Â£50.89
Three,Pet Sematary,Â£10.56
Three,"Overload: How to Unplug, Unwind, and Unleash Yourself from the Pressure of Stress",Â£52.15
Two,Once Was a Time,Â£18.28
Five,Old School (Diary of a Wimpy Kid #10),Â£11.83
Two,No Dream Is Too High: Life Lessons From a Man Who Walked on the Moon,Â£21.95
Two,"Naruto (3-in-1 Edition), Vol. 14: Includes Vols. 40, 41 & 42 (Naruto: Omnibus #14)",Â£38.39
One,My Name Is Lucy Barton,Â£41.56
Three,My Mrs. Brown,Â£24.48
One,My Kind of Crazy,Â£40.36
One,Mr. Mercedes (Bill Hodges Trilogy #1),Â£28.90
Two,More Than Music (Chasing the Dream #1),Â£37.61
Five,Made to Stick: Why Some Ideas Survive and Others Die,Â£38.85
Three,Luis Paints the World,Â£53.95
Three,Luckiest Girl Alive,Â£49.83
Two,Lowriders to the Center of the Earth (Lowriders in Space #2),Â£51.51
One,Love Is a Mix Tape (Music #1),Â£18.03
Five,Looking for Lovely: Collecting the Moments that Matter,Â£29.14
Four,"Living Leadership by Insight: A Good Leader Achieves, a Great Leader Builds Monuments",Â£46.91
Five,Let It Out: A Journey Through Journaling,Â£26.79
Five,Lady Midnight (The Dark Artifices #1),Â£16.28
One,"It's All Easy: Healthy, Delicious Weeknight Meals in under 30 Minutes",Â£19.55
One,Island of Dragons (Unwanteds #7),Â£29.65
Four,I Know What I'm Doing -- and Other Lies I Tell Myself: Dispatches from a Life Under Construction,Â£25.98
Four,I Am Pilgrim (Pilgrim #1),Â£10.60
Five,"Hyperbole and a Half: Unfortunate Situations, Flawed Coping Mechanisms, Mayhem, and Other Things That Happened",Â£14.75
Three,"Hush, Hush (Hush, Hush #1)",Â£47.02
One,Hold Your Breath (Search and Rescue #1),Â£28.82
Three,Hamilton: The Revolution,Â£58.79
Five,Greek Mythic History,Â£10.23
Five,God: The Most Unpleasant Character in All Fiction,Â£30.03
Three,Glory over Everything: Beyond The Kitchen House,Â£45.84
Three,Feathers: Displays of Brilliant Plumage,Â£49.05
Four,"Far & Away: Places on the Brink of Change: Seven Continents, Twenty-Five Years",Â£15.06
Three,Every Last Word,Â£46.47
Three,Eligible (The Austen Project #4),Â£27.09
Five,El Deafo,Â£57.62
Four,Eight Hundred Grapes,Â£14.39
Five,"Eaternity: More than 150 Deliciously Easy Vegan Recipes for a Long, Healthy, Satisfied, Joyful Life",Â£51.75
Two,"Eat Fat, Get Thin",Â£54.07
One,Don't Get Caught,Â£55.35
Two,Doctor Sleep (The Shining #2),Â£40.12
Five,Demigods & Magicians: Percy and Annabeth Meet the Kanes (Percy Jackson & Kane Chronicles Crossover #1-3),Â£37.51
Five,Dear Mr. Knightley,Â£11.21
One,Daily Fantasy Sports,Â£36.58
Two,Crazy Love: Overwhelmed by a Relentless God,Â£47.72
Three,Cometh the Hour (The Clifton Chronicles #6),Â£25.01
Four,Code Name Verity (Code Name Verity #1),Â£22.13
One,Clockwork Angel (The Infernal Devices #1),Â£44.14
Four,City of Glass (The Mortal Instruments #3),Â£56.02
Four,City of Fallen Angels (The Mortal Instruments #4),Â£11.23
One,City of Bones (The Mortal Instruments #1),Â£43.28
One,City of Ashes (The Mortal Instruments #2),Â£47.27
Four,Cell,Â£20.29
Three,Catching Jordan (Hundred Oaks),Â£50.83
Three,"Carry On, Warrior: Thoughts on Life Unarmed",Â£31.85
Two,Carrie,Â£46.23
Four,Buying In: The Secret Dialogue Between What We Buy and Who We Are,Â£37.80
Five,Brain on Fire: My Month of Madness,Â£49.32
Two,Batman: Europa,Â£32.01
One,Barefoot Contessa Back to Basics,Â£28.01
Five,Barefoot Contessa at Home: Everyday Recipes You'll Make Over and Over Again,Â£50.62
Three,Balloon Animals,Â£17.03
Three,Art Ops Vol. 1,Â£48.80
Four,Aristotle and Dante Discover the Secrets of the Universe (Aristotle and Dante Discover the Secrets of the Universe #1),Â£58.14
Two,Angels Walking (Angels Walking #1),Â£34.20
Three,Angels & Demons (Robert Langdon #1),Â£51.48
Five,All the Light We Cannot See,Â£29.87
Two,"Adulthood Is a Myth: A ""Sarah's Scribbles"" Collection",Â£10.90
Five,Abstract City,Â£56.37
Five,A Time of Torment (Charlie Parker #14),Â£48.35
Two,A Study in Scarlet (Sherlock Holmes #1),Â£16.73
Two,"A Series of Catastrophes and Miracles: A True Story of Love, Science, and Cancer",Â£56.48
Two,A People's History of the United States,Â£40.79
One,A Man Called Ove,Â£39.72
Three,A Distant Mirror: The Calamitous 14th Century,Â£14.58
One,A Brush of Wings (Angels Walking #3),Â£55.51
Three,1491: New Revelations of the Americas Before Columbus,Â£21.80
Three,"The Three Searches, Meaning, and the Story",Â£13.33
One,Searching for Meaning in Gailana,Â£38.73
Four,Rook,Â£37.86
Two,My Kitchen Year: 136 Recipes That Saved My Life,Â£11.53
One,13 Hours: The Inside Account of What Really Happened In Benghazi,Â£27.06
Three,Will You Won't You Want Me?,Â£13.86
One,Tipping Point for Planet Earth: How Close Are We to the Edge?,Â£37.55
Five,The Star-Touched Queen,Â£32.30
Five,The Silent Sister (Riley MacPherson #1),Â£46.29
One,The Midnight Watch: A Novel of the Titanic and the Californian,Â£26.20
Two,The Lonely City: Adventures in the Art of Being Alone,Â£33.26
Four,The Gray Rhino: How to Recognize and Act on the Obvious Dangers We Ignore,Â£59.15
One,The Golden Condom: And Other Essays on Love Lost and Found,Â£39.43
Five,The Epidemic (The Program 0.6),Â£14.44
Two,The Dinner Party,Â£56.54
Three,The Diary of a Young Girl,Â£59.90
Three,The Children,Â£11.88
Two,Stars Above (The Lunar Chronicles #4.5),Â£48.05
Three,Snatched: How A Drug Queen Went Undercover for the DEA and Was Kidnapped By Colombian Guerillas,Â£21.21
Four,Raspberry Pi Electronics Projects for the Evil Genius,Â£49.67
One,Quench Your Own Thirst: Business Lessons Learned Over a Beer or Two,Â£43.14
Five,Psycho: Sanitarium (Psycho #1.5),Â£36.97
Three,Poisonous (Max Revere Novels #3),Â£26.80
Four,One with You (Crossfire #5),Â£15.71
Four,No Love Allowed (Dodge Cove #1),Â£54.65
Four,Murder at the 42nd Street Library (Raymond Ambler #1),Â£54.36
Three,Most Wanted,Â£35.28
Two,"Love, Lies and Spies",Â£20.55
Five,How to Speak Golf: An Illustrated Guide to Links Lingo,Â£58.32
One,Hide Away (Eve Duncan #20),Â£11.84
Four,Furiously Happy: A Funny Book About Horrible Things,Â£41.46
Five,Everyday Italian: 125 Simple and Delicious Recipes,Â£20.10
One,Equal Is Unfair: America's Misguided Fight Against Income Inequality,Â£56.86
Five,Eleanor & Park,Â£56.51
Four,Dirty (Dive Bar #1),Â£40.83
One,Can You Keep a Secret? (Fear Street Relaunch #4),Â£48.64
Three,Boar Island (Anna Pigeon #19),Â£59.48
Four,A Paris Apartment,Â£39.01
One,"A la Mode: 120 Recipes in 60 Pairings: Pies, Tarts, Cakes, Crisps, and More Topped with Ice Cream, Gelato, Frozen Custard, and More",Â£38.77
Two,Troublemaker: Surviving Hollywood and Scientology,Â£48.39
Two,The Widow,Â£27.26
Four,"The Sleep Revolution: Transforming Your Life, One Night at a Time",Â£11.68
One,The Improbability of Love,Â£59.45
Three,The Art of Startup Fundraising,Â£21.00
Three,Take Me Home Tonight (Rock Star Romance #3),Â£53.98
One,Sleeping Giants (Themis Files #1),Â£48.74
Two,"Setting the World on Fire: The Brief, Astonishing Life of St. Catherine of Siena",Â£21.15
Three,Playing with Fire,Â£13.71
Three,Off the Hook (Fishing for Trouble #1),Â£47.67
Two,Mothering Sunday,Â£13.34
Five,"Mother, Can You Not?",Â£16.89
One,M Train,Â£27.18
Two,Lilac Girls,Â£17.28
One,Lies and Other Acts of Love,Â£45.14
One,Lab Girl,Â£40.85
Four,Keep Me Posted,Â£20.46
Three,It Didn't Start with You: How Inherited Family Trauma Shapes Who We Are and How to End the Cycle,Â£56.27
Four,Grey (Fifty Shades #4),Â£48.49
Four,"Exit, Pursued by a Bear",Â£51.34
Three,Daredevils,Â£16.34
Three,Cravings: Recipes for What You Want to Eat,Â£20.50
Five,Born for This: How to Find the Work You Were Meant to Do,Â£21.59
Four,Arena,Â£21.36
Five,Adultery,Â£20.88
Three,A Mother's Reckoning: Living in the Aftermath of Tragedy,Â£19.53
Five,A Gentleman's Position (Society of Gentlemen #3),Â£14.75
Three,11/22/63,Â£48.48
Two,"10% Happier: How I Tamed the Voice in My Head, Reduced Stress Without Losing My Edge, and Found Self-Help That Actually Works",Â£24.57
Five,10-Day Green Smoothie Cleanse: Lose Up to 15 Pounds in 10 Days!,Â£49.71
Five,Without Shame,Â£48.27
Four,Watchmen,Â£58.05
Four,Unlimited Intuition Now,Â£58.87
Two,Underlying Notes,Â£11.82
One,The Shack,Â£28.03
Five,The New Brand You: Your New Image Makes the Sale for You,Â£44.05
Four,"The Moosewood Cookbook: Recipes from Moosewood Restaurant, Ithaca, New York",Â£12.34
Two,The Flowers Lied,Â£16.68
One,"The Fabric of the Cosmos: Space, Time, and the Texture of Reality",Â£55.91
Three,The Book of Mormon,Â£24.57
Five,The Art and Science of Low Carbohydrate Living,Â£52.98
One,The Alien Club,Â£54.40
Five,Suzie Snowflake: One beautiful flake (a self-esteem story),Â£54.81
One,Nap-a-Roo,Â£25.08
Four,"NaNo What Now? Finding your editing process, revising your NaNoWriMo book and building a writing career through publishing and beyond",Â£10.41
Two,Modern Day Fables,Â£47.44
One,If I Gave You God's Phone Number....: Searching for Spirituality in America,Â£20.91
Four,"Fruits Basket, Vol. 9 (Fruits Basket #9)",Â£33.95
Three,Dress Your Family in Corduroy and Denim,Â£43.68
One,Don't Forget Steven,Â£33.23
Two,Chernobyl 01:23:40: The Incredible True Story of the World's Worst Nuclear Disaster,Â£35.92
Four,Art and Fear: Observations on the Perils (and Rewards) of Artmaking,Â£48.63
Three,A Shard of Ice (The Black Symphony Saga #1),Â£56.63
Three,A Hero's Curse (The Unseen Chronicles #1),Â£50.49
Two,23 Degrees South: A Tropical Tale of Changing Whether...,Â£35.79
Three,"Zero to One: Notes on Startups, or How to Build the Future",Â£34.06
One,Why Not Me?,Â£17.76
Two,When Breath Becomes Air,Â£39.36
Two,Vagabonding: An Uncommon Guide to the Art of Long-Term World Travel,Â£36.94
Five,The Unlikely Pilgrimage of Harold Fry (Harold Fry #1),Â£43.62
Three,The New Drawing on the Right Side of the Brain,Â£43.02
Four,"The Midnight Assassin: Panic, Scandal, and the Hunt for America's First Serial Killer",Â£28.45
Two,The Martian (The Martian #1),Â£41.39
One,The High Mountains of Portugal,Â£51.15
One,The Grownup,Â£35.88
One,The E-Myth Revisited: Why Most Small Businesses Don't Work and What to Do About It,Â£36.91
One,South of Sunshine,Â£28.93
Five,Smarter Faster Better: The Secrets of Being Productive in Life and Business,Â£38.89
Three,Silence in the Dark (Logan Point #4),Â£58.33
Five,Shadows of the Past (Logan Point #1),Â£39.67
Five,Roller Girl,Â£14.10
Three,Rising Strong,Â£21.82
One,Proofs of God: Classical Arguments from Tertullian to Barth,Â£54.21
Four,Please Kill Me: The Uncensored Oral History of Punk,Â£31.19
Five,Out of Print: City Lights Spotlight No. 14,Â£53.64
Five,My Life Next Door (My Life Next Door ),Â£36.39
Two,Miller's Valley,Â£58.54
Three,Man's Search for Meaning,Â£29.48
Two,"Love That Boy: What Two Presidents, Eight Road Trips, and My Son Taught Me About a Parent's Expectations",Â£25.06
Three,Living Forward: A Proven Plan to Stop Drifting and Get the Life You Want,Â£12.55
Five,Les Fleurs du Mal,Â£29.04
Two,Left Behind (Left Behind #1),Â£40.72
Five,Kill 'Em and Leave: Searching for James Brown and the American Soul,Â£45.05
One,Kierkegaard: A Christian Missionary to Christians,Â£47.13
Four,John Vassos: Industrial Design for Modern Life,Â£20.22
One,I'll Give You the Sun,Â£56.48
One,I Will Find You,Â£44.21
Four,Hystopia: A Novel,Â£21.96
Two,Howl and Other Poems,Â£40.45
Four,History of Beauty,Â£10.29
Two,Heaven is for Real: A Little Boy's Astounding Story of His Trip to Heaven and Back,Â£52.86
Five,Future Shock (Future Shock #1),Â£55.65
One,Ender's Game (The Ender Quintet #1),Â£43.64
One,Diary of a Citizen Scientist: Chasing Tiger Beetles and Other New Ways of Engaging the World,Â£28.41
Four,Death by Leisure: A Cautionary Tale,Â£37.51
Three,Brilliant Beacons: A History of the American Lighthouse,Â£11.45
Two,Brazen: The Courage to Find the You That's Been Hiding,Â£19.22
Four,Between the World and Me,Â£56.91
Four,Being Mortal: Medicine and What Matters in the End,Â£55.06
Three,"A Murder Over a Girl: Justice, Gender, Junior High",Â£13.20
Two,32 Yolks,Â£53.63
Five,"""Most Blessed of the Patriarchs"": Thomas Jefferson and the Empire of the Imagination",Â£44.48
Three,You Are a Badass: How to Stop Doubting Your Greatness and Start Living an Awesome Life,Â£12.08
Two,Wildlife of New York: A Five-Borough Coloring Book,Â£22.14
Five,What Happened on Beale Street (Secrets of the South Mysteries #2),Â£25.37
Two,Unreasonable Hope: Finding Faith in the God Who Brings Purpose to Your Pain,Â£46.33
Three,Under the Tuscan Sun,Â£37.33
One,Toddlers Are A**holes: It's Not Your Fault,Â£25.55
One,The Year of Living Biblically: One Man's Humble Quest to Follow the Bible as Literally as Possible,Â£34.72
Four,The Whale,Â£35.96
Four,The Story of Art,Â£41.14
Four,The Origin of Species,Â£10.01
Four,The Great Gatsby,Â£36.05
Three,The Good Girl,Â£49.03
One,The Glass Castle,Â£16.24
One,The Faith of Christopher Hitchens: The Restless Soul of the World's Most Notorious Atheist,Â£39.55
Three,The Drowning Girls,Â£35.67
Three,The Constant Princess (The Tudor Court #1),Â£16.62
Four,The Bourne Identity (Jason Bourne #1),Â£42.78
Five,The Bachelor Girl's Guide to Murder (Herringford and Watts Mysteries #1),Â£52.30
Two,The Art Book,Â£32.34
Four,The 7 Habits of Highly Effective People: Powerful Lessons in Personal Change,Â£33.17
Five,Team of Rivals: The Political Genius of Abraham Lincoln,Â£20.12
Two,Steal Like an Artist: 10 Things Nobody Told You About Being Creative,Â£20.90
Three,"Sit, Stay, Love",Â£20.90
Four,Sister Dear,Â£40.20
Three,"Shrunken Treasures: Literary Classics, Short, Sweet, and Silly",Â£52.87
One,"Rich Dad, Poor Dad",Â£51.74
Two,Raymie Nightingale,Â£34.41
One,Playing from the Heart,Â£32.38
Four,Nightstruck: A Novel,Â£50.35
Five,"Naturally Lean: 125 Nourishing Gluten-Free, Plant-Based Recipes--All Under 300 Calories",Â£11.38
Three,Meternity,Â£43.58
Three,Memoirs of a Geisha,Â£49.67
Two,Like Never Before (Walker Family #2),Â£28.77
Four,Life of Pi,Â£13.22
Five,Leave This Song Behind: Teen Poetry at Its Best,Â£51.17
Five,King's Folly (The Kinsman Chronicles #1),Â£39.61
Four,John Adams,Â£57.43
Four,How to Cook Everything Vegetarian: Simple Meatless Recipes for Great Food (How to Cook Everything),Â£46.01
Two,How to Be a Domestic Goddess: Baking and the Art of Comfort Cooking,Â£28.25
Five,Good in Bed (Cannie Shapiro #1),Â£37.05
One,"Fruits Basket, Vol. 7 (Fruits Basket #7)",Â£19.57
Three,For the Love: Fighting for Grace in a World of Impossible Standards,Â£45.13
Two,Finding God in the Ruins: How God Redeems Pain,Â£46.64
Five,Every Heart a Doorway (Every Heart A Doorway #1),Â£12.16
Four,Delivering the Truth (Quaker Midwife Mystery #1),Â£20.89
Five,Counted With the Stars (Out from Egypt #1),Â£17.97
Two,"Chronicles, Vol. 1",Â£52.60
One,Blue Like Jazz: Nonreligious Thoughts on Christian Spirituality,Â£25.77
Three,Benjamin Franklin: An American Life,Â£48.19
Five,"At The Existentialist CafÃ©: Freedom, Being, and apricot cocktails with: Jean-Paul Sartre, Simone de Beauvoir, Albert Camus, Martin Heidegger, Edmund Husserl, Karl Jaspers, Maurice Merleau-Ponty and others",Â£29.93
Two,A Summer In Europe,Â£44.34
Five,A Short History of Nearly Everything,Â£52.40
Four,A Gathering of Shadows (Shades of Magic #2),Â£44.81
Five,The Sound Of Love,Â£57.84
Two,The Rise and Fall of the Third Reich: A History of Nazi Germany,Â£39.67
Three,The Perks of Being a Wallflower,Â£55.02
Four,The Mysterious Affair at Styles (Hercule Poirot #1),Â£24.80
Four,The Man Who Mistook His Wife for a Hat and Other Clinical Tales,Â£59.45
Two,The Makings of a Fatherless Child,Â£31.58
Four,The Joy of Cooking,Â£43.27
One,The Invention of Wings,Â£37.34
Five,The Hobbit (Middle-Earth Universe),Â£17.80
One,The Great Railway Bazaar,Â£30.54
One,The Golden Compass (His Dark Materials #1),Â£18.77
Three,The God Delusion,Â£46.85
One,The Girl You Left Behind (The Girl You Left Behind #1),Â£15.79
Two,The Fellowship of the Ring (The Lord of the Rings #1),Â£10.27
Five,The Collected Poems of W.B. Yeats (The Collected Works of W.B. Yeats #1),Â£15.42
Five,The Barefoot Contessa Cookbook,Â£59.92
Two,Tell the Wolves I'm Home,Â£50.96
Three,Ship Leaves Harbor: Essays on Travel by a Recovering Journeyman,Â£30.60
Four,Pride and Prejudice,Â£19.27
One,Musicophilia: Tales of Music and the Brain,Â£46.58
Three,Mere Christianity,Â£48.51
One,Me Before You (Me Before You #1),Â£19.02
Two,In the Woods (Dublin Murder Squad #1),Â£38.38
Four,In Cold Blood,Â£49.98
Five,How to Stop Worrying and Start Living,Â£46.49
Two,Give It Back,Â£18.32
Three,"Girl, Interrupted",Â£42.14
Four,Fun Home: A Family Tragicomic,Â£56.59
Four,"Fruits Basket, Vol. 6 (Fruits Basket #6)",Â£20.96
Four,Deception Point,Â£40.32
Three,"Death Note, Vol. 6: Give-and-Take (Death Note #6)",Â£36.39
Four,Catherine the Great: Portrait of a Woman,Â£58.55
Three,Better Homes and Gardens New Cook Book,Â£39.61
Three,An Unquiet Mind: A Memoir of Moods and Madness,Â£21.30
Four,A Year in Provence (Provence #1),Â£56.88
Four,World Without End (The Pillars of the Earth #2),Â£32.97
Four,"Will Grayson, Will Grayson (Will Grayson, Will Grayson)",Â£47.31
Two,Why Save the Bankers?: And Other Essays on Our Economic and Political Crisis,Â£48.67
Four,Where She Went (If I Stay #2),Â£41.73
Four,What If?: Serious Scientific Answers to Absurd Hypothetical Questions,Â£53.68
One,Two Summers,Â£14.64
One,This Is Your Brain on Music: The Science of a Human Obsession,Â£38.40
Four,The Secret Garden,Â£15.08
Two,The Raven King (The Raven Cycle #4),Â£30.57
Four,The Raven Boys (The Raven Cycle #1),Â£57.74
Five,The Power Greens Cookbook: 140 Delicious Superfood Recipes,Â£11.05
One,The Metamorphosis,Â£28.58
Five,The Mathews Men: Seven Brothers and the War Against Hitler's U-boats,Â£42.91
Three,The Little Paris Bookshop,Â£24.73
Four,The Hiding Place,Â£55.91
Three,The Grand Design,Â£13.76
Three,The Firm,Â£45.56
One,The Fault in Our Stars,Â£47.22
Five,The False Prince (The Ascendance Trilogy #1),Â£56.00
Two,The Expatriates,Â£44.58
One,The Dream Thieves (The Raven Cycle #2),Â£34.50
Five,The Darkest Corners,Â£11.33
Four,The Crossover,Â£38.77
Two,The 5th Wave (The 5th Wave #1),Â£11.83
Three,Tell the Wind and Fire,Â£45.51
One,Tell Me Three Things,Â£41.81
Four,Talking to Girls About Duran Duran: One Young Man's Quest for True Love and a Cooler Haircut,Â£25.15
Five,Siddhartha,Â£34.22
Five,Shiver (The Wolves of Mercy Falls #1),Â£16.23
Three,Remember Me?,Â£11.48
Three,Red Dragon (Hannibal Lecter #1),Â£23.37
Two,Peak: Secrets from the New Science of Expertise,Â£16.28
Four,My Mother Was Nuts,Â£31.63
Five,Mexican Today: New and Rediscovered Recipes for Contemporary Kitchens,Â£24.91
One,Maybe Something Beautiful: How Art Transformed a Neighborhood,Â£22.54
Four,Lola and the Boy Next Door (Anna and the French Kiss #2),Â£23.63
Two,Logan Kade (Fallen Crest High #5.5),Â£13.12
Three,Last One Home (New Beginnings #1),Â£59.98
Four,Killing Floor (Jack Reacher #1),Â£31.49
Five,Kill the Boy Band,Â£15.52
Five,Isla and the Happily Ever After (Anna and the French Kiss #3),Â£48.13
Five,If I Stay (If I Stay #1),Â£38.13
Two,I Know Why the Caged Bird Sings (Maya Angelou's Autobiography #1),Â£36.55
One,Harry Potter and the Deathly Hallows (Harry Potter #7),Â£23.32
One,"Fruits Basket, Vol. 5 (Fruits Basket #5)",Â£16.33
One,Foundation (Foundation (Publication Order) #1),Â£32.42
One,Fool Me Once,Â£16.96
One,Find Her (Detective D.D. Warren #8),Â£22.37
One,Evicted: Poverty and Profit in the American City,Â£42.27
Two,Drama,Â£38.70
Five,Dracula the Un-Dead,Â£35.63
Five,Digital Fortress,Â£58.00
One,"Death Note, Vol. 5: Whiteout (Death Note #5)",Â£52.41
Three,"Data, A Love Story: How I Gamed Online Dating to Meet My Match",Â£32.35
One,Critique of Pure Reason,Â£20.75
Five,Booked,Â£17.49
Five,"Blue Lily, Lily Blue (The Raven Cycle #3)",Â£34.13
Five,Approval Junkie: Adventures in Caring Too Much,Â£58.81
Five,An Abundance of Katherines,Â£10.00
Two,America's War for the Greater Middle East: A Military History,Â£51.22
Four,Alight (The Generations Trilogy #2),Â£58.59
One,A Girl's Guide to Moving On (New Beginnings #2),Â£31.30
Two,A Game of Thrones (A Song of Ice and Fire #1),Â£46.42
Four,A Feast for Crows (A Song of Ice and Fire #4),Â£17.21
Three,A Clash of Kings (A Song of Ice and Fire #2),Â£10.79
Four,Vogue Colors A to Z: A Fashion Coloring Book,Â£52.35
Three,The Shining (The Shining #1),Â£27.88
Two,The Pilgrim's Progress,Â£50.26
Three,The Perfect Play (Play by Play #1),Â£59.99
Five,The Passion of Dolssa,Â£28.32
Three,The Jazz of Physics: The Secret Link Between Music and the Structure of the Universe,Â£38.71
Five,The Hunger Games (The Hunger Games #1),Â£29.85
Two,The Hound of the Baskervilles (Sherlock Holmes #5),Â£14.82
Four,The Gunning of America: Business and the Making of American Gun Culture,Â£16.81
Two,The Geography of Bliss: One Grump's Search for the Happiest Places in the World,Â£28.23
Two,The Demonists (Demonist #1),Â£52.11
Two,"The Demon Prince of Momochi House, Vol. 4 (The Demon Prince of Momochi House #4)",Â£27.88
Three,The Bone Hunters (Lexy Vaughan & Steven Macaulay #2),Â£59.71
Five,The Beast (Black Dagger Brotherhood #14),Â£46.08
Five,Some Women,Â£13.73
Five,Shopaholic Ties the Knot (Shopaholic #3),Â£48.39
Five,Paper and Fire (The Great Library #2),Â£49.45
Five,Outlander (Outlander #1),Â£19.67
Three,"Orchestra of Exiles: The Story of Bronislaw Huberman, the Israel Philharmonic, and the One Thousand Jews He Saved from Nazi Horrors",Â£12.36
Five,No One Here Gets Out Alive,Â£20.02
Four,Night Shift (Night Shift #1-20),Â£12.75
Four,Needful Things,Â£47.51
Four,Mockingjay (The Hunger Games #3),Â£20.44
Two,Misery,Â£34.79
Four,Little Women (Little Women #1),Â£28.07
Three,It,Â£25.01
Three,Harry Potter and the Sorcerer's Stone (Harry Potter #1),Â£13.90
Four,Harry Potter and the Prisoner of Azkaban (Harry Potter #3),Â£24.17
Four,Harry Potter and the Order of the Phoenix (Harry Potter #5),Â£31.63
Five,Harry Potter and the Half-Blood Prince (Harry Potter #6),Â£48.75
One,Harry Potter and the Chamber of Secrets (Harry Potter #2),Â£14.74
Three,Gone with the Wind,Â£32.49
One,God Is Not Great: How Religion Poisons Everything,Â£27.80
One,Girl With a Pearl Earring,Â£26.77
Four,"Fruits Basket, Vol. 4 (Fruits Basket #4)",Â£50.44
Two,Far From True (Promise Falls Trilogy #2),Â£34.93
One,Dark Lover (Black Dagger Brotherhood #1),Â£12.87
Two,Confessions of a Shopaholic (Shopaholic #1),Â£48.94
Three,Changing the Game (Play by Play #2),Â£13.38
Three,Candide,Â£58.63
One,Can You Keep a Secret?,Â£21.94
Five,Atlas Shrugged,Â£26.58
Three,Animal Farm,Â£57.22
One,A Walk to Remember,Â£56.43
Five,A New Earth: Awakening to Your Life's Purpose,Â£55.65
One,"A History of God: The 4,000-Year Quest of Judaism, Christianity, and Islam",Â£27.62
Four,'Salem's Lot,Â£49.56
One,Zero History (Blue Ant #3),Â£34.77
Three,Wuthering Heights,Â£17.73
One,World War Z: An Oral History of the Zombie War,Â£21.80
Three,Wild: From Lost to Found on the Pacific Crest Trail,Â£46.02
One,"Where'd You Go, Bernadette",Â£18.13
Five,When You Are Engulfed in Flames,Â£30.89
Three,We the People: The Modern-Day Figures Who Have Reshaped and Affirmed the Founding Fathers' Vision of America,Â£31.95
One,We Are All Completely Beside Ourselves,Â£24.04
Three,Walk the Edge (Thunder Road #2),Â£32.36
Five,Voyager (Outlander #3),Â£21.07
Three,Very Good Lives: The Fringe Benefits of Failure and the Importance of Imagination,Â£50.66
Two,Vegan Vegetarian Omnivore: Dinner for Everyone at the Table,Â£13.66
One,"Unstuffed: Decluttering Your Home, Mind, and Soul",Â£58.09
One,Under the Banner of Heaven: A Story of Violent Faith,Â£30.00
Two,Two Boys Kissing,Â£32.74
Two,Twilight (Twilight #1),Â£41.93
Two,Twenties Girl,Â£42.80
One,"Trespassing Across America: One Man's Epic, Never-Done-Before (and Sort of Illegal) Hike Across the Heartland",Â£53.51
Three,Three-Martini Lunch,Â£23.21
One,"Thinking, Fast and Slow",Â£21.14
Three,The Wild Robot,Â£56.07
Three,"The Wicked + The Divine, Vol. 3: Commercial Suicide (The Wicked + The Divine)",Â£14.41
Four,The Undomestic Goddess,Â£45.75
One,The Travelers,Â£15.77
Two,The Tipping Point: How Little Things Can Make a Big Difference,Â£10.02
One,The Thing About Jellyfish,Â£48.77
Two,The Stand,Â£57.86
One,The Smitten Kitchen Cookbook,Â£23.59
Five,The Silkworm (Cormoran Strike #2),Â£23.05
Five,"The Sandman, Vol. 3: Dream Country (The Sandman (volumes) #3)",Â£55.55
Four,The Rose & the Dagger (The Wrath and the Dawn #2),Â£58.64
One,The Road to Little Dribbling: Adventures of an American in Britain (Notes From a Small Island #2),Â£23.21
Three,The Rise of Theodore Roosevelt (Theodore Roosevelt #1),Â£42.57
One,The Restaurant at the End of the Universe (Hitchhiker's Guide to the Galaxy #2),Â£10.92
One,The Rest Is Noise: Listening to the Twentieth Century,Â£34.77
Five,The Red Tent,Â£35.66
Three,The Purpose Driven Life: What on Earth Am I Here for?,Â£37.19
One,The Purest Hook (Second Circle Tattoos #3),Â£12.25
Two,The Picture of Dorian Gray,Â£29.70
Three,The Paris Wife,Â£36.80
One,The Obsession,Â£45.43
Four,The Nightingale,Â£26.26
Three,The New Guy (and Other Senior Year Distractions),Â£44.92
Five,The Nanny Diaries (Nanny #1),Â£52.53
Two,The Name of God is Mercy,Â£37.25
One,The Maze Runner (The Maze Runner #1),Â£20.93
Two,The Lover's Dictionary,Â£58.09
Five,The Lonely Ones,Â£43.59
Three,The Lean Startup: How Today's Entrepreneurs Use Continuous Innovation to Create Radically Successful Businesses,Â£33.92
Two,The Last Painting of Sara de Vos,Â£55.55
Four,"The Land of 10,000 Madonnas",Â£29.64
One,The Infinities,Â£27.41
Five,The Husband's Secret,Â£52.51
Three,The Hitchhiker's Guide to the Galaxy (Hitchhiker's Guide to the Galaxy #1),Â£47.80
Two,The Guns of August,Â£14.54
One,The Guernsey Literary and Potato Peel Pie Society,Â£49.53
Three,The Goldfinch,Â£43.58
One,The Giver (The Giver Quartet #1),Â£12.30
Three,The Girl with All the Gifts,Â£49.47
Two,The Girl Who Played with Fire (Millennium Trilogy #2),Â£22.14
One,The Girl Who Kicked the Hornet's Nest (Millennium Trilogy #3),Â£57.48
Three,The Exiled,Â£43.45
Four,"The End of Faith: Religion, Terror, and the Future of Reason",Â£22.13
Four,"The Elegant Universe: Superstrings, Hidden Dimensions, and the Quest for the Ultimate Theory",Â£13.03
Five,"The Disappearing Spoon: And Other True Tales of Madness, Love, and the History of the World from the Periodic Table of the Elements",Â£57.35
One,The Devil Wears Prada (The Devil Wears Prada #1),Â£44.29
Four,The Demon-Haunted World: Science as a Candle in the Dark,Â£52.25
Five,The Day the Crayons Came Home (Crayons),Â£26.33
Two,The Da Vinci Code (Robert Langdon #2),Â£22.96
One,The Cuckoo's Calling (Cormoran Strike #1),Â£19.21
Four,The Complete Stories and Poems (The Works of Edgar Allan Poe [Cameo Edition]),Â£26.78
Five,The Complete Poems,Â£41.32
One,The Catcher in the Rye,Â£24.55
Two,The Cat in the Hat (Beginner Books B-1),Â£16.26
One,The Case for Christ (Cases for Christianity),Â£47.84
Two,The Book Thief,Â£53.49
Five,The Book of Basketball: The NBA According to The Sports Guy,Â£44.84
Five,The Blind Side: Evolution of a Game,Â£53.71
Two,The Autobiography of Malcolm X,Â£23.43
Three,"The Art of Simple Food: Notes, Lessons, and Recipes from a Delicious Revolution",Â£34.32
One,The Art of Fielding,Â£22.10
Two,"Surely You're Joking, Mr. Feynman!: Adventures of a Curious Character",Â£25.83
Three,Stiff: The Curious Lives of Human Cadavers,Â£36.74
One,Spilled Milk: Based on a True Story,Â£49.51
Five,Something Borrowed (Darcy & Rachel #1),Â£48.96
One,Something Blue (Darcy & Rachel #2),Â£54.62
Two,Soldier (Talon #3),Â£24.72
Two,Shopaholic & Baby (Shopaholic #5),Â£46.45
Two,Seven Days in the Art World,Â£52.33
Four,Seven Brief Lessons on Physics,Â£30.60
Four,Scarlet (The Lunar Chronicles #2),Â£14.57
One,Sarah's Key,Â£46.29
Five,"Saga, Volume 3 (Saga (Collected Editions) #3)",Â£21.57
Four,Running with Scissors,Â£12.91
Three,Rogue Lawyer (Rogue Lawyer #1),Â£50.11
Four,"Rise of the Rocket Girls: The Women Who Propelled Us, from Missiles to the Moon to Mars",Â£41.67
Two,Rework,Â£44.88
Three,Reservations for Two,Â£11.10
Three,Red: The True Story of Red Riding Hood,Â£28.54
Four,Ready Player One,Â£19.07
One,Quiet: The Power of Introverts in a World That Can't Stop Talking,Â£43.55
Three,Prodigy: The Graphic Novel (Legend: The Graphic Novel #2),Â£43.63
One,Persepolis: The Story of a Childhood (Persepolis #1-2),Â£39.13
Two,Packing for Mars: The Curious Science of Life in the Void,Â£56.68
One,Outliers: The Story of Success,Â£14.16
Three,Original Fake,Â£31.45
Two,Orange Is the New Black,Â£24.61
Two,One for the Money (Stephanie Plum #1),Â£32.87
One,Notes from a Small Island (Notes From a Small Island #1),Â£40.17
One,Night (The Night Trilogy #1),Â£13.51
Three,Neither Here nor There: Travels in Europe,Â£38.95
Three,Naked,Â£31.69
One,Morning Star (Red Rising #3),Â£29.40
One,"Miracles from Heaven: A Little Girl, Her Journey to Heaven, and Her Amazing Story of Healing",Â£57.83
Two,Midnight Riot (Peter Grant/ Rivers of London - books #1),Â£55.46
Two,Me Talk Pretty One Day,Â£57.60
Two,Manuscript Found in Accra,Â£34.98
Two,Lust & Wonder,Â£11.87
Three,Lila (Gilead #3),Â£12.47
Two,"Life, the Universe and Everything (Hitchhiker's Guide to the Galaxy #3)",Â£33.26
Five,Life Without a Recipe,Â£59.04
Two,Life After Life,Â£26.13
One,Letter to a Christian Nation,Â£22.20
One,Let's Pretend This Never Happened: A Mostly True Memoir,Â£45.11
Four,Legend (Legend #1),Â£43.69
One,"Lean In: Women, Work, and the Will to Lead",Â£25.02
Five,"Lamb: The Gospel According to Biff, Christ's Childhood Pal",Â£55.50
Five,Lady Renegades (Rebel Belle #3),Â£53.04
One,Jurassic Park (Jurassic Park #1),Â£44.97
One,It's Never Too Late to Begin Again: Discovering Creativity and Meaning at Midlife and Beyond,Â£42.38
Three,Is Everyone Hanging Out Without Me? (And Other Concerns),Â£20.11
Five,Into the Wild,Â£56.70
Five,Inferno (Robert Langdon #4),Â£41.00
Three,"In the Garden of Beasts: Love, Terror, and an American Family in Hitler's Berlin",Â£28.85
Four,If I Run (If I Run #1),Â£49.97
One,I've Got Your Number,Â£19.69
Two,I Am Malala: The Girl Who Stood Up for Education and Was Shot by the Taliban,Â£28.88
Three,Hungry Girl Clean & Hungry: Easy All-Natural Recipes for Healthy Eating in the Real World,Â£33.14
Two,"House of Lost Worlds: Dinosaurs, Dynasties, and the Story of Life on Earth",Â£43.70
One,House of Leaves,Â£54.89
Two,Horrible Bear!,Â£37.52
Two,Holidays on Ice,Â£51.07
Four,Heir to the Sky,Â£44.07
Four,Green Eggs and Ham (Beginner Books B-16),Â£10.79
One,"Grayson, Vol 3: Nemesis (Grayson #3)",Â£42.72
Five,Gratitude,Â£26.66
Five,Gone Girl,Â£37.60
Four,Golden (Heart of Dread #3),Â£42.21
Two,Girl in the Blue Coat,Â£46.83
Two,"Fruits Basket, Vol. 3 (Fruits Basket #3)",Â£45.17
Three,"Friday Night Lights: A Town, a Team, and a Dream",Â£51.22
Four,Fire Bound (Sea Haven/Sisters of the Heart #5),Â£21.28
Five,Fifty Shades Freed (Fifty Shades #3),Â£15.36
One,Fellside,Â£38.62
Three,Extreme Prey (Lucas Davenport #26),Â£25.40
Three,Eragon (The Inheritance Cycle #1),Â£43.87
One,Eclipse (Twilight #3),Â£18.74
One,Dune (Dune #1),Â£54.86
Three,Dracula,Â£52.62
One,Do Androids Dream of Electric Sheep? (Blade Runner #1),Â£51.48
Five,Disrupted: My Misadventure in the Start-Up Bubble,Â£15.28
Five,Dead Wake: The Last Crossing of the Lusitania,Â£39.24
One,"David and Goliath: Underdogs, Misfits, and the Art of Battling Giants",Â£17.81
One,Darkfever (Fever #1),Â£56.02
Five,Dark Places,Â£23.90
Five,Crazy Rich Asians (Crazy Rich Asians #1),Â£49.13
One,Counting Thyme,Â£10.62
Two,Cosmos,Â£36.17
Two,Civilization and Its Discontents,Â£59.95
One,Cinder (The Lunar Chronicles #1),Â£26.09
Two,Catastrophic Happiness: Finding Joy in Childhood's Messy Years,Â£37.35
Two,Career of Evil (Cormoran Strike #3),Â£24.72
Five,Breaking Dawn (Twilight #4),Â£35.28
Five,Brave Enough,Â£51.32
Three,Boy Meets Boy,Â£21.12
Two,"Born to Run: A Hidden Tribe, Superathletes, and the Greatest Race the World Has Never Seen",Â£27.35
Five,Blink: The Power of Thinking Without Thinking,Â£21.74
One,Black Flags: The Rise of ISIS,Â£40.87
One,"Black Butler, Vol. 1 (Black Butler #1)",Â£49.31
One,Big Little Lies,Â£22.11
Five,Between Shades of Gray,Â£20.79
Two,Best of My Love (Fool's Gold #20),Â£27.41
Two,Beowulf,Â£38.35
Five,Beautiful Creatures (Caster Chronicles #1),Â£21.55
Two,Awkward,Â£38.02
Four,Ash,Â£22.06
Three,Are We There Yet?,Â£10.66
One,Are We Smart Enough to Know How Smart Animals Are?,Â£56.58
Five,Annie on My Mind,Â£36.83
Two,And Then There Were None,Â£35.01
Four,A Walk in the Woods: Rediscovering America on the Appalachian Trail,Â£30.48
Five,A Visit from the Goon Squad,Â£14.08
Two,A Storm of Swords (A Song of Ice and Fire #3),Â£31.22
Five,A Heartbreaking Work of Staggering Genius,Â£54.29
One,8 Keys to Mental Health Through Exercise,Â£31.04
One,#GIRLBOSS,Â£50.96
Two,"The Suffragettes (Little Black Classics, #96)",Â£11.89
Three,The Sense of an Ending,Â£31.38
One,"The Sandman, Vol. 2: The Doll's House (The Sandman (volumes) #2)",Â£54.81
Three,The Course of Love,Â£16.78
One,Sugar Rush (Offensive Line #2),Â£24.42
Three,"Saga, Volume 2 (Saga (Collected Editions) #2)",Â£11.75
One,"Run, Spot, Run: The Ethics of Keeping Pets",Â£20.02
Four,New Moon (Twilight #2),Â£12.86
Five,Life,Â£31.58
Three,Kindle Paperwhite User's Guide,Â£34.00
Five,H is for Hawk,Â£57.42
One,Girl Online On Tour (Girl Online #2),Â£53.47
Five,"Fruits Basket, Vol. 2 (Fruits Basket #2)",Â£11.64
Four,Diary of a Minecraft Zombie Book 1: A Scare of a Dare (An Unofficial Minecraft Book),Â£52.88
Four,"Y: The Last Man, Vol. 1: Unmanned (Y: The Last Man #1)",Â£18.51
Five,While You Were Mine,Â£41.32
Three,Where Lightning Strikes (Bleeding Stars #3),Â£39.77
Three,When I'm Gone,Â£51.96
Five,Ways of Seeing,Â£39.51
One,"Vampire Knight, Vol. 1 (Vampire Knight #1)",Â£15.40
Two,Vampire Girl (Vampire Girl #1),Â£53.82
Four,Twenty Love Poems and a Song of Despair,Â£30.95
Five,Travels with Charley: In Search of America,Â£57.82
Two,Three Wishes (River of Time: California #1),Â£44.18
One,This One Moment (Pushing Limits #1),Â£48.71
Five,The Zombie Room,Â£19.69
Two,"The Wicked + The Divine, Vol. 1: The Faust Act (The Wicked + The Divine)",Â£36.52
Five,The Tumor,Â£41.56
Four,The Story of Hong Gildong,Â£43.19
Five,The Silent Wife,Â£12.34
Three,The Silent Twin (Detective Jennifer Knight #3),Â£36.25
One,The Selfish Gene,Â£29.45
Three,The Secret Healer,Â£34.56
Three,"The Sandman, Vol. 1: Preludes and Nocturnes (The Sandman (volumes) #1)",Â£54.12
Three,The Republic,Â£33.78
Three,The Odyssey,Â£29.64
Four,The No. 1 Ladies' Detective Agency (No. 1 Ladies' Detective Agency #1),Â£57.70
One,The Nicomachean Ethics,Â£36.34
Three,The Name of the Wind (The Kingkiller Chronicle #1),Â£50.59
One,The Mirror & the Maze (The Wrath and the Dawn #1.5),Â£29.38
Two,The Little Prince,Â£45.42
One,The Light of the Fireflies,Â£54.43
Two,The Last Girl (The Dominion Trilogy #1),Â£36.26
One,The Iliad,Â£16.16
Five,The Hook Up (Game On #1),Â£36.29
Five,The Haters,Â£27.89
Five,The Girl You Lost,Â£12.29
Three,The Girl In The Ice (DCI Erika Foster #1),Â£15.85
One,The End of the Jesus Era (An Investigation #1),Â£14.40
Four,The Edge of Reason (Bridget Jones #2),Â£19.18
Three,The Complete Maus (Maus #1-2),Â£10.64
Three,The Communist Manifesto,Â£14.76
Three,The Bhagavad Gita,Â£57.49
Three,The Bette Davis Club,Â£30.66
Four,The Art of Not Breathing,Â£40.83
Two,Taking Shots (Assassins #1),Â£18.88
Three,Starlark,Â£25.83
Three,"Skip Beat!, Vol. 01 (Skip Beat! #1)",Â£42.12
Three,Sister Sable (The Mad Queen #1),Â£13.33
One,Shatter Me (Shatter Me #1),Â£42.40
Three,Shameless,Â£58.35
Four,Shadow Rites (Jane Yellowrock #10),Â£21.72
Two,Settling the Score (The Summer Games #1),Â£44.91
One,Sense and Sensibility,Â£37.46
One,"Saga, Volume 1 (Saga (Collected Editions) #1)",Â£28.48
Two,"Rhythm, Chord & Malykhin",Â£28.34
Five,"Rat Queens, Vol. 1: Sass & Sorcery (Rat Queens (Collected Editions) #1-5)",Â£46.96
One,Paradise Lost (Paradise #1),Â£24.96
Four,"Paper Girls, Vol. 1 (Paper Girls #1-5)",Â£21.71
Three,"Ouran High School Host Club, Vol. 1 (Ouran High School Host Club #1)",Â£29.87
One,Origins (Alphas 0.5),Â£28.99
Two,One Second (Seven #7),Â£52.94
Three,On the Road (Duluoz Legend),Â£32.36
Two,Old Records Never Die: One Man's Quest for His Vinyl and His Past,Â£55.66
Five,Off Sides (Off #1),Â£39.45
Two,Of Mice and Men,Â£47.11
Four,Myriad (Prentor #1),Â£58.75
Two,My Perfect Mistake (Over the Top #1),Â£38.92
Four,"Ms. Marvel, Vol. 1: No Normal (Ms. Marvel (2014-2015) #1)",Â£39.39
Two,Meditations,Â£25.89
One,Matilda,Â£28.34
Four,Lost Among the Living,Â£27.70
Three,Lord of the Flies,Â£24.89
Three,Listen to Me (Fusion #1),Â£58.99
Five,Kitchens of the Great Midwest,Â£57.20
Five,Jane Eyre,Â£38.43
Four,Imperfect Harmony,Â£34.74
Four,Icing (Aces Hockey #2),Â£40.44
Three,"Hawkeye, Vol. 1: My Life as a Weapon (Hawkeye #1)",Â£45.24
Four,Having the Barbarian's Baby (Ice Planet Barbarians #7.5),Â£34.96
Four,"Giant Days, Vol. 1 (Giant Days #1-4)",Â£56.76
Five,"Fruits Basket, Vol. 1 (Fruits Basket #1)",Â£40.28
Two,Frankenstein,Â£38.00
Three,Forever Rockers (The Rocker #12),Â£28.80
Three,Fighting Fate (Fighting #6),Â£39.24
Two,Emma,Â£32.93
Three,"Eat, Pray, Love",Â£51.32
Five,Deep Under (Walker Security #1),Â£47.09
Four,Choosing Our Religion: The Spiritual Lives of America's Nones,Â£28.42
Three,Charlie and the Chocolate Factory (Charlie Bucket #1),Â£22.85
One,Charity's Cross (Charles Towne Belles #4),Â£41.24
Five,Bright Lines,Â£39.07
One,Bridget Jones's Diary (Bridget Jones #1),Â£29.82
Four,Bounty (Colorado Mountain #7),Â£37.26
Three,Blood Defense (Samantha Brinkman #1),Â£20.30
Five,"Bleach, Vol. 1: Strawberry and the Soul Reapers (Bleach #1)",Â£34.65
One,Beyond Good and Evil,Â£43.38
One,Alice in Wonderland (Alice's Adventures in Wonderland #1),Â£55.53
Four,"Ajin: Demi-Human, Volume 1 (Ajin: Demi-Human #1)",Â£57.06
Five,A Spy's Devotion (The Regency Spies of London #1),Â£16.97
One,1st to Die (Women's Murder Club #1),Â£53.98
Five,"1,000 Places to See Before You Die",Â£26.08
